Model Name,learning_rate,n_estimators,Accuracy
AdaBoostClassifier,0.6,10,0.4722040549378679
,0.6,100,0.5053411816001745
,0.8,10,0.473566601264443
,0.8,100,0.5027795945062131
,1.0,10,0.47700021800741227
,1.0,100,0.49929147591018097
Accuracy,Accuracy With Tolerance,Precision,Recall,F1
0.49760244115082825,0.7388840453356582,0.3162088824600878,0.29677550443233697,0.24370456759719206
