Model Name,strategy,Accuracy
DummyClassifier,most_frequent,0.3693590582079791
,prior,0.3693590582079791
,stratified,0.22443863091345106
,uniform,0.16862873337693482
Accuracy,Accuracy With Tolerance,Precision,Recall,F1
0.3666085440278989,0.5126416739319966,0.06110142400464982,0.16666666666666666,0.08942052099946836
