Model Name,alpha,Accuracy
MultinomialNB,0.0,0.47803575321560937
,0.2,0.4775452365380423
,0.4,0.4771637235666013
,0.6,0.4773817309788533
,0.8,0.47732722912579023
,1.0,0.47667320688903425
Accuracy,Accuracy With Tolerance,Precision,Recall,F1
0.46534437663469924,0.692458587619878,0.27592591142371037,0.2750869943392166,0.22776882245050364
